Label,# Samples,Average,Median,90% Line,95% Line,99% Line,Min,Max,Error %,Throughput,Received KB/sec,Sent KB/sec
Get pet by id,20,405,165,792,793,851,131,851,0.000%,1.61238,0.78,0.23
Get pet by status,20,931,928,1113,1198,1306,667,1306,0.000%,1.65399,173.81,0.25
Get store inventory,20,156,142,212,227,237,133,237,0.000%,1.76336,0.97,0.24
Get order by id,20,154,141,206,211,231,133,231,0.000%,1.72399,0.75,0.23
TOTAL,80,412,155,948,1003,1198,131,1306,0.000%,4.46653,118.98,0.63
